colonne,sum,mean,min,max,non_null
Unnamed: 6,27603.0,48.85486725663717,1.0,162.0,565.0
Unnamed: 7,78572.33855784827,139.0660859430943,17.77777777777778,428.5,565.0
