colonne,max,mean,min,non_null,sum
Unnamed: 1,3746.061390923891,241.1844637154175,0.0,32.0,7717.90283889336
